5905	Salut... j'arrive!	tt0084627	1982
5906	Le Dernier Combat (The Last Battle)	tt0085426	1983
5907	Alors heureux?	tt0275909	1980
5908	L'eau à la bouche	tt0052769	1960
5909	War of the Buttons	tt0054949	1962
5910	Tartarin de Tarascon	tt0056559	1962
5911	48 Stunden bis Acapulco	tt0061315	1967
5912	Double Face	tt0063979	1969
5913	Hot Traces of St. Pauli	tt0067105	1971
5914	Tintin et les oranges bleues	tt0058663	1964
5915	With the Lives of Others	tt0060140	1966
5916	The Things of Life	tt0064165	1970
5917	The Big Blue	tt0095250	1988
5918	L'homme au masque d'or	tt0099789	1991
5919	The Bridge	tt0052654	1959
5920	The River Line	tt0057223	1964
5921	Wenn es Nacht wird auf der Reeperbahn	tt0062484	1967
5922	À l'heure où les grands fauves vont boire	tt0108673	1993
5923	La poudre aux yeux	tt0110878	1995
5924	Impossible Is Not French	tt0071653	1974
5925	Bad Starters	tt0073337	1976
5926	A Straight Laced Girl	tt0075371	1977
5927	Tintin et le mystère de la Toison d'Or	tt0055526	1961
5928	Moulinsart-Hollywood: Quand Tintin fait son cinéma...	tt6489832	1995
5929	El negro que tenía el alma blanca	tt0025557	1951
5930	Canelita en rama	tt0034574	1943
5931	El secreto de la mujer muerta	tt0035302	1943
5932	Razzia	tt0048543	1955
5933	Dishonorable Discharge	tt0050286	1957
5934	Three Days to Live	tt0051110	1957
5935	Angele	tt0024830	1934
5936	La septième porte	tt0038923	1947
5937	Amanti senza amore	tt0039149	1948
5938	Adultero lui, adultera lei	tt0056814	1963
5939	Maciste, gladiatore di Sparta	tt0058312	1964
5940	Messalina vs. the Son of Hercules	tt0058345	1964
5941	Death in the Garden	tt0049521	1956
5942	The Foxiest Girl in Paris	tt0050755	1957
5943	Tabarin	tt0051043	1958
5944	Clérambard	tt0064172	1969
5945	Certaines nouvelles	tt0080511	1980
5946	Fireworks	tt0045763	1954
5947	Wenn der weiße Flieder wieder blüht	tt0046541	1953
5948	The Story of Vickie	tt0047259	1954
5949	Le brasier	tt0099174	1991
5950	Europa	tt0101829	1991
5951	Deadly Force	tt0085409	1983
5952	Dream Lover	tt0090970	1986
5953	Raw Deal	tt0091828	1986
5954	Baby It's You	tt0085208	1983
5955	Off the Wall	tt0086037	1983
5956	After Hours	tt0088680	1985
5957	La Femme Nikita	tt0100263	1990
5958	La voix de l'araignée	tt0113250	1995
5959	Sólo con tu pareja	tt0102958	1991
5960	Salón México	tt0114332	1996
5961	Children of a Lesser God	tt0090830	1986
5962	Hear No Evil	tt0107090	1993
5963	The Phony American	tt0055531	1961
5964	Und sowas nennt sich Leben	tt0055570	1961
5965	Rat' mal, wer heut bei uns schläft...?	tt0064876	1969
5966	Die liebestollen Baronessen	tt0065984	1970
5967	Hallo, Fräulein!	tt0041442	1949
5968	Third from the Right	tt0042416	1950
5969	Royal Children	tt0042658	1950
5970	Der Sprung ins Leben	tt0014504	1924
5971	Die Prinzessin und der Geiger	tt0016246	1925
5972	Dürfen wir schweigen?	tt0016814	1926
5973	Il peccato degli anni verdi	tt0052584	1960
5974	Jack of Spades	tt0053711	1960
5975	Reaching for the Stars	tt0048136	1955
5976	Sky Without Stars	tt0048169	1955
5977	Regine	tt0048548	1956
5978	Jet Generation - Wie Mädchen heute Männer lieben	tt0061839	1968
5979	If You Play with Crazy Birds	tt0064944	1969
5980	Playgirls of Frankfurt	tt0060535	1966
5981	The College Girl Murders	tt0062022	1967
5982	Bedroom Stewardesses	tt0062680	1968
5983	Je pense à vous	tt0161721	1992
5984	Misterii	tt0287566	2000
5985	Rendez-vous au tas de sable	tt0100473	1990
5986	Un coeur qui bat	tt0103153	1991
5987	The Hawk	tt0085526	1983
5988	First Name: Carmen	tt0086153	1983
5989	La pirate	tt0087918	1984
5990	La stagione dei sensi	tt0063640	1969
5991	Mark of the Devil	tt0065491	1970
5992	Pan	tt0070503	1973
5993	Swedish Punks	tt0056391	1962
5994	Rooftree	tt0062405	1967
5995	A Handful of Love	tt0070148	1974
5996	Marianne & Juliane	tt0082081	1981
5997	Lola	tt0082671	1981
5998	Un dimanche de flic	tt0083250	1983
5999	Vice Squad	tt0084861	1982
6000	Mutant	tt0087796	1984
6001	Deadline for Murder	tt0205284	1964
6002	The Gift: At Risk	tt1028538	2007
6003	Making Mr. Right	tt0093477	1987
6004	I'm Back!	tt5697722	2017
6005	Little Darlings	tt0081060	1980
6006	The Night the Lights Went Out in Georgia	tt0082816	1981
6007	Only When I Laugh	tt0082853	1981
6008	Hercules in New York	tt0065832	1970
6009	Stay Hungry	tt0075268	1976
6010	The Villain	tt0080097	1979
6011	My Girl Tisa	tt0040628	1948
6012	Give Us This Day	tt0041416	1949
6013	Mr. Denning Drives North	tt0044928	1951
6014	Nightwing	tt0079631	1979
6015	The Hunter	tt0080907	1980
6025	Love at Stake	tt0093443	1987
6035	Aurelia	tt0112417	1995
6045	Hasta el último trago... corazón!	tt0402246	2005
6055	Francis Goes to the Races	tt0043562	1951
6065	Suffering Bastards	tt0098408	1989
6075	My Dinner with Andre	tt0082783	1981
6085	Bad Timing	tt0080408	1980
6095	Age of Consent	tt0063991	1969
6105	La boum 2	tt0083686	1982
6115	King Arthur, the Young Warlord	tt0073244	1975
6125	The Empty Mirror	tt0116192	1996
6135	Fast Times at Ridgemont High	tt0083929	1982
6145	Sing and Swing	tt0057504	1963
6155	Beware of Children	tt0053648	1960
6165	The Broken Land	tt0055811	1962
6175	Teen Wolf	tt0090142	1985
6185	The Buddy Holly Story	tt0077280	1978
6195	The Cruel Sea	tt0045659	1953
6205	Lemora: A Child's Tale of the Supernatural	tt0070300	1973
6215	Angels' Brigade	tt0078778	1979
6225	Nevada	tt0037124	1944
6235	See Here, Private Hargrove	tt0037256	1944
6245	Uptight	tt0063748	1968
6255	Risky Business	tt0086200	1983
6265	Enormous Changes at the Last Minute	tt0085494	1983
6275	Swamp Thing	tt0084745	1982
6285	The New Kids	tt0089679	1985
6295	The Thing	tt0084787	1982
6305	Mr. Mike's Mondo Video	tt0079583	1979
6315	A Hatful of Rain	tt0050487	1957
6325	Roman Holiday	tt0046250	1953
6335	The Night Holds Terror	tt0048423	1955
6345	Children of Love	tt0045729	1953
6355	Sweet Bird of Youth	tt0056541	1962
6365	Confidential Agent	tt0037610	1945
6375	Suspect	tt0094082	1987
6385	Saint-Ex	tt0120054	1996
6395	Splitting Heirs	tt0108207	1993
6405	The Blood of Hussain	tt0080447	1980
6415	Good Times	tt0061720	1967
6425	Untamed Heart	tt0108451	1993
6435	Def by Temptation	tt0099395	1990
6445	Love	tt0081022	1980
6455	The Sea Wolf	tt0034162	1941
6465	The House of the Arrow	tt0045889	1953
6475	A Little Princess	tt0113670	1995
6485	Dance with a Stranger	tt0088987	1985
6495	Afterglow	tt0118566	1997
6505	Target of an Assassin	tt0075307	1977
6515	A Pyromaniac's Love Story	tt0114210	1995
6525	Group Portrait with a Lady	tt0076113	1977
6535	Babe	tt0112431	1995
6545	Next Year If All Goes Well	tt0082022	1981
6555	Heaven with a Gun	tt0064409	1969
6565	Chiisai tôbôsha	tt0060658	1966
6575	The Life of Chikuzan	tt0075837	1977
6585	Gyangu tai G-men	tt0056006	1962
6595	The Catch	tt0085632	1983
6605	Crimes at the Dark House	tt0032366	1940
6615	The Stewardesses	tt0168192	1969
6625	A Turtle's Tale 2: Sammy's Escape from Paradise	tt2288005	2012
6635	California Dreaming	tt0078928	1979
6645	Inside Jennifer Welles	tt0076198	1977
6655	The Lady Escapes	tt0029103	1937
6665	Up the Down Staircase	tt0062425	1967
6675	Beauty and the Bullfighter	tt0046273	1954
6685	Flammes	tt0214694	1978
6695	Going the Distance	tt0079220	1979
6705	The Outsiders	tt0086066	1983
6715	Fearless	tt0106881	1993
6725	The Deep	tt0075925	1977
6735	Lilith	tt0058294	1964
6745	Stage Struck	tt0052235	1958
6755	A Little Sex	tt0084259	1982
6765	100 Rifles	tt0063970	1969
6775	To Kill a Priest	tt0096280	1988
6785	Scarface	tt0086250	1983
6795	Annie Hall	tt0075686	1977
6805	A.D.A.M: The Beginning	tt2605996	2013
6815	Missing Parents	tt0100159	1990
6825	The Firm	tt0106918	1993
6835	Korridoren	tt0062826	1968
6845	Snacka går ju...	tt0083098	1981
6855	Barnum Was Right	tt0019676	1929
6865	Sheepdog of the Hills	tt0034181	1941
6875	Fly Away Peter	tt0177782	1948
6885	Marry Me	tt0041641	1949
6895	King Solomon of Broadway	tt0026570	1935
6905	High Finance	tt0024118	1933
6915	Broadway Melody of 1936	tt0026144	1935
6925	Devil and the Deep	tt0022814	1932
6935	The Gal Who Took the West	tt0041400	1949
6945	Breakaway	tt0047897	1956
6955	Recoil	tt0046231	1953
6965	The Man Who Dared	tt0038722	1946
6975	Shop Spoiled	tt0046882	1954
6985	Wild Boy	tt0025990	1934
6995	Squibs	tt0027037	1935
7005	While I Live	tt0039984	1947
7015	Vinyl	tt0059880	1965
7025	Les hautes solitudes	tt0071600	1974
7035	Pasión en el mar	tt0049599	1956
7045	Diamond Head	tt0055905	1962
7055	Man in a Cocked Hat	tt0053044	1959
7065	Smashing Time	tt0062281	1967
7075	Bel Ami	tt0047868	1955
7085	The Knight of the Night	tt0045622	1953
7095	Crazy Over Horses	tt0043432	1951
7105	As Young as You Feel	tt0043299	1951
7115	The Kid from Cleveland	tt0041545	1949
7125	They Live by Night	tt0040872	1948
7135	Queen of the Jungle	tt0026903	1935
7145	Knights of the Queen	tt0037585	1954
7155	Dark City	tt0042379	1950
7165	The Million Dollar Duck	tt0066728	1971
6016	Modern Romance	tt0082764	1981
6026	An American Werewolf in London	tt0082010	1981
6036	Exit	tt0178655	2000
6046	La vida conyugal	tt0108487	1993
6056	Has Anybody Seen My Gal	tt0043873	1952
6066	Sid and Nancy	tt0091954	1986
6076	Crackers	tt0087096	1984
6086	Eureka	tt0083906	1983
6096	Savage Messiah	tt0069225	1972
6106	Five Days One Summer	tt0083947	1982
6116	Aces High	tt0075627	1976
6126	Protocol	tt0087951	1984
6136	Bad Boys	tt0085210	1983
6146	Two Left Feet	tt0057610	1965
6156	Watch it, Sailor!	tt0055613	1961
6166	Animal House	tt0077975	1978
6176	River's Edge	tt0091860	1986
6186	The Hostage	tt0061782	1967
6196	They Who Dare	tt0046421	1954
6206	Revenge of the Cheerleaders	tt0075137	1976
6216	Juke Box Racket	tt0053972	1960
6226	Going Home	tt0067146	1971
6236	The Clock	tt0037604	1945
6246	The Liberation of L.B. Jones	tt0065979	1970
6256	Raging Bull	tt0081398	1980
6266	Miracles	tt0091524	1986
6276	Top Line	tt0096287	1988
6286	Rad	tt0091817	1986
6296	Timerider: The Adventure of Lyle Swann	tt0086443	1982
6306	Blade	tt0069797	1973
6316	Raintree County	tt0050882	1957
6326	The World of Hans Christian Andersen	tt0067179	1971
6336	Crime in the Streets	tt0049107	1956
6346	Service Entrance	tt0046960	1954
6356	Red Sky at Morning	tt0067659	1971
6366	The Big Sleep	tt0038355	1946
6376	Unhook the Stars	tt0118044	1996
6386	Plunkett & Macleane	tt0134033	1999
6396	Mautplatz	tt0110477	1994
6406	The Bunny Caper	tt0071255	1974
6416	Chastity	tt0064156	1969
6426	Only You	tt0110737	1994
6436	Jumpin' at the Boneyard	tt0102174	1991
6446	Gräsänklingar	tt0084034	1982
6456	None Shall Escape	tt0037136	1944
6466	The White Huntress	tt0051190	1954
6476	The Life of Stuff	tt0119536	1997
6486	Empire of the Sun	tt0092965	1987
6496	Small Faces	tt0114474	1996
6506	The Gods Must Be Crazy	tt0080801	1980
6516	Map of the Human Heart	tt0104812	1992
6526	Eyes of Laura Mars	tt0077530	1978
6536	December Bride	tt0099389	1991
6546	Légitime violence	tt0084281	1982
6556	Last Summer	tt0064573	1969
6566	Heat-Haze Theatre	tt0082596	1981
6576	Burst City	tt0083609	1982
6586	Koi to Taiyo to Gang	tt0056149	1962
6596	Tonkô	tt0095071	1988
6606	Lancelot of the Lake	tt0071737	1974
6616	The First Deadly Sin	tt0080738	1980
6626	Richard's Things	tt0082993	1980
6636	The Last Word	tt0079442	1979
6646	Odyssey: The Ultimate Trip	tt0076487	1977
6656	School Spirit	tt0089974	1985
6666	Tomorrow	tt0069393	1972
6676	Story of a Love Affair	tt0042355	1950
6686	Détruire dit-elle	tt0064272	1969
6696	The Fat Man	tt0043523	1951
6706	The Karate Kid	tt0087538	1984
6716	Less Than Zero	tt0093407	1987
6726	Who'll Stop the Rain	tt0078490	1978
6736	The Young Lovers	tt0058763	1964
6746	Kapò	tt0052961	1960
6756	Best Defense	tt0086955	1984
6766	Great Expectations	tt0119223	1998
6776	Farendj	tt0099547	1990
6786	The Color of Money	tt0090863	1986
6796	Hurricane Streets	tt0119338	1997
6806	Solomon & Gaenor	tt0181830	1999
6816	Airborne	tt0106233	1993
6826	The Night We Never Met	tt0107685	1993
6836	A Dream of Freedom	tt0062911	1969
6846	In the Wake of the Bounty	tt0024176	1933
6856	Broken Blossoms	tt0027400	1936
6866	The Dark Tower	tt0034636	1943
6876	A Canterbury Tale	tt0036695	1944
6886	Green Grow the Rushes	tt0043601	1951
6896	End of the Trail	tt0027573	1936
6906	I Lived with You	tt0024157	1933
6916	Magnificent Obsession	tt0026667	1935
6926	Hot Saturday	tt0023028	1932
6936	Alaska Patrol	tt0041104	1949
6946	Operation Diplomat	tt0046147	1953
6956	Night of the Prowler	tt0056280	1962
6966	The Happiest Days of Your Life	tt0042541	1950
6976	Postmark for Danger	tt0048507	1955
6986	A Fire Has Been Arranged	tt0026359	1935
6996	Quiet Weekend	tt0039745	1946
7006	The Plastic Dome of Norma Jean	tt0059605	1966
7016	Twice a Man	tt0129470	1964
7026	Curse of the Headless Horseman	tt0068438	1972
7036	The Coin	tt0051676	1959
7046	Fearless Frank	tt0061654	1967
7056	A French Mistress	tt0053839	1960
7066	Beast from Haunted Cave	tt0052609	1959
7076	Campo Bravo	tt0040205	1948
7086	Happy Days	tt0026103	1935
7096	Inside the Walls of Folsom Prison	tt0043677	1951
7106	New Toys	tt0015172	1925
7116	Retreat, Hell!	tt0045082	1952
7126	Six Bridges to Cross	tt0048628	1955
7136	Smoke Tree Range	tt0029582	1937
7146	Dick Barton Strikes Back	tt0041296	1949
7156	Julius Caesar	tt0042622	1950
7166	Star Spangled Girl	tt0067787	1971
6017	The Double McGuffin	tt0079070	1979
6027	Almost You	tt0086876	1985
6037	Écoute voir...	tt0078549	1979
6047	'Til Death	tt0109995	1994
6057	Gardens of Stone	tt0093073	1987
6067	Prick Up Your Ears	tt0093776	1987
6077	Nice Girls Don't Explode	tt0093617	1987
6087	The Swinging Cheerleaders	tt0072236	1974
6097	Hamlet	tt0074603	1976
6107	The Lion of Amalfi	tt0042673	1950
6117	Equus	tt0075995	1977
6127	The Linguini Incident	tt0102313	1991
6137	Candyman: Farewell to the Flesh	tt0112625	1995
6147	The Lion in Winter	tt0063227	1968
6157	Jungle Fighters	tt0054037	1961
6167	1941	tt0078723	1979
6177	Crime and Punishment	tt0096056	2002
6187	Cisco Pike	tt0068384	1972
6197	Hawaii	tt0060491	1966
6207	Chesty Anderson U.S. Navy	tt0074308	1976
6217	Faces	tt0062952	1968
6227	The Mechanic	tt0068931	1972
6237	The Desperate Man	tt0052730	1959
6247	Defiance	tt0080605	1980
6257	Neighbors	tt0082801	1981
6267	The Whoopee Boys	tt0092210	1986
6277	Born to Fight	tt0096970	1989
6287	Rush It	tt0075157	1978
6297	Runaway Train	tt0089941	1985
6307	Rich Kids	tt0079806	1979
6317	It Grows on Trees	tt0044758	1952
6327	The Projectionist	tt0067622	1971
6337	Affair in Havana	tt0050103	1957
6347	The Indian Fighter	tt0048204	1955
6357	Billy Two Hats	tt0069786	1974
6367	Léon: The Professional	tt0110413	1994
6377	Madison	tt0206113	2001
6387	An Angel at My Table	tt0099040	1990
6397	Autumn Blossoms	tt0225115	1999
6407	Rawhead Rex	tt0091829	1986
6417	Come Back to the 5 & Dime, Jimmy Dean, Jimmy Dean	tt0083745	1982
6427	The Thin Red Line	tt0120863	1998
6437	White Sands	tt0105813	1992
6447	John Halifax	tt0030176	1938
6457	All the Brothers Were Valiant	tt0045494	1953
6467	Dreaming	tt0036778	1944
6477	Heavenly Creatures	tt0110005	1994
6487	Twisted Obsession	tt0098407	1989
6497	The Debt Collector	tt0159401	1999
6507	Fools	tt0123075	1997
6517	Dragon: The Bruce Lee Story	tt0106770	1993
6527	Wise Blood	tt0080140	1979
6537	Close My Eyes	tt0101595	1991
6547	My Best Friend's Girl	tt0085529	1983
6557	www.vermisst-auf-dem-oktoberfest.de	tt0276632	2001
6567	The Good Fairy	tt0043159	1951
6577	Hadashi no pikunikku	tt0107068	1993
6587	Kapone oi ni naku	tt0089404	1985
6597	A Prayer for the Dying	tt0093771	1987
6607	Loulou	tt0081076	1980
6617	Without a Trace	tt0086593	1983
6627	Bloody Sunday	tt0280491	2002
6637	Blue Thunder	tt0085255	1983
6647	The Sandpiper	tt0448106	2007
6657	Voyage of the Rock Aliens	tt0096402	1984
6667	Foreplay	tt0073006	1975
6677	Under the Olive Tree	tt0042794	1950
6687	Geraldine	tt0047020	1953
6697	Iron Man	tt0043678	1951
6707	Best Men	tt0118702	1997
6717	The Pick-up Artist	tt0093737	1987
6727	Full Moon in Blue Water	tt0095186	1988
6737	The Last of the Secret Agents?	tt0060619	1966
6747	Home, Sweet Homicide	tt0038613	1946
6757	Indiana Jones and the Temple of Doom	tt0087469	1984
6767	Homegrown	tt0119305	1998
6777	High Score	tt0097506	1990
6787	Slam Dance	tt0093986	1987
6797	Desert Blue	tt0126261	1998
6807	Very Annie Mary	tt0188128	2001
6817	Ticks	tt0108339	1993
6827	Just Once More	tt0055840	1962
6837	Kungsleden	tt0058278	1964
6847	The Silence of Dean Maitland	tt0026995	1934
6857	Crook's Tour	tt0031192	1941
6867	Who Killed Van Loon?	tt0040967	1948
6877	A Place of One's Own	tt0037179	1945
6887	The Crimson Circle	tt0027483	1936
6897	45 Fathers	tt0028543	1937
6907	The Invisible Man	tt0024184	1933
6917	Murder in the Fleet	tt0026742	1935
6927	Marriage License?	tt0017123	1926
6937	Indian Territory	tt0042595	1950
6947	Daybreak	tt0039304	1948
6957	Dr. Gillespie's New Assistant	tt0034680	1942
6967	The Importance of Being Earnest	tt0044744	1952
6977	Bait	tt0042220	1950
6987	O-Kay for Sound	tt0029336	1937
6997	Paid	tt0021228	1930
7007	Cleopatra	tt0260516	1970
7017	Camp	tt0173709	1965
7027	Dinah East	tt0190364	1970
7037	The Enforcer	tt0043503	1951
7047	The President's Analyst	tt0062153	1967
7057	The Risk	tt0054244	1960
7067	Atlas	tt0053610	1961
7077	Vida en sombras	tt0040942	1949
7087	The Lafarge Case	tt0028556	1938
7097	The Lady from Shanghai	tt0040525	1947
7107	Laura	tt0037008	1944
7117	Seven Brides for Seven Brothers	tt0047472	1954
7127	The Killing	tt0049406	1956
7137	Shadow on the Wall	tt0042952	1950
7147	All the Fine Young Cannibals	tt0053582	1960
7157	Two and Two Make Six	tt0055559	1962
7167	Play It Again, Sam	tt0069097	1972
6018	Over the Edge	tt0079688	1979
6028	Cold Feet	tt0087070	1983
6038	Girls	tt0080793	1980
6048	Luces de la noche	tt0110404	1998
6058	No Man's Land	tt0093638	1987
6068	Track 29	tt0096294	1988
6078	Blow-Up	tt0060176	1966
6088	She Devils in Chains	tt0075206	1976
6098	Term of Trial	tt0056568	1962
6108	The Giant of Marathon	tt0052604	1959
6118	Smart Money	tt0096123	1986
6128	Interlude	tt0063136	1968
6138	A Time to Revenge	tt0130314	1997
6148	Antony and Cleopatra	tt0068920	1972
6158	The Night Fighters	tt0054120	1960
6168	Time After Time	tt0080025	1979
6178	All the Right Moves	tt0085154	1983
6188	Cry for Me, Billy	tt0068429	1972
6198	Bonnie and Clyde	tt0061418	1967
6208	The Muthers	tt0074941	1976
6218	The Revolutionary	tt0066296	1970
6228	The World's Greatest Athlete	tt0070928	1973
6238	Jungle Street Girls	tt0055034	1960
6248	Me and the Kid	tt0081145	1993
6258	The Russians Are Coming! The Russians Are Coming!	tt0060921	1966
6268	Alphabet City	tt0086877	1984
6278	Under the Rainbow	tt0083254	1981
6288	In Praise of Older Women	tt0077728	1978
6298	The Slugger's Wife	tt0090036	1985
6308	The Gazebo	tt0052837	1959
6318	The Pride of St. Louis	tt0045049	1952
6328	Tuna Clipper	tt0041995	1949
6338	No Way Out	tt0042792	1950
6348	The Kentuckian	tt0048248	1955
6358	Marco	tt0070371	1973
6368	Star Wars: Episode I - The Phantom Menace	tt0120915	1999
6378	Star Wars: Episode III - Revenge of the Sith	tt0121766	2005
6388	The Last Days of Chez Nous	tt0104685	1992
6398	Vengeance Is Mine	tt0079182	1979
6408	Words Upon the Window Pane	tt0111745	1994
6418	The Dominici Affair	tt0068176	1973
6428	Frequency	tt0186151	2000
6438	Sunset Park	tt0117784	1996
6448	The Girl Who Forgot	tt0031368	1940
6458	Dream Wife	tt0045706	1953
6468	Meet Me at Dawn	tt0039616	1947
6478	Sense and Sensibility	tt0114388	1995
6488	Hawks	tt0097487	1988
6498	The Devil Is a Woman	tt0073733	1973
6508	Diamond in the Rough	tt3575782	1988
6518	The Jungle Book	tt0110213	1994
6528	Mountains of the Moon	tt0100196	1990
6538	The Bridge	tt0103881	1992
6548	Monty Python and the Holy Grail	tt0071853	1975
6558	The Long Rain	tt0982894	2000
6568	Boyhood	tt0044029	1951
6578	Esupai	tt0071474	1974
6588	Hiruko the Goblin	tt0100991	1991
6598	The Rainbow	tt0098165	1989
6608	Doctor Zhivago	tt0059113	1965
6618	The Men's Club	tt0091508	1986
6628	Rivals	tt0069185	1972
6638	The Bad News Bears in Breaking Training	tt0075718	1977
6648	13	tt0798817	2010
6658	The Purple Hills	tt0055343	1961
6668	Les lions	tt0019102	1928
6678	È l'amor che mi rovina	tt0044226	1951
6688	Francis in the Navy	tt0048092	1955
6698	Station West	tt0040835	1948
6708	I Love You, Don't Touch Me!	tt0130019	1997
6718	1969	tt0094594	1988
6728	Friends, Lovers, & Lunatics	tt0097389	1989
6738	Speedway	tt0063634	1968
6748	The Mighty McGurk	tt0038739	1947
6758	The Hotel Manor Inn	tt0119321	1997
6768	Godzilla	tt0120685	1998
6778	Grief	tt0107045	1993
6788	Save the Last Dance	tt0206275	2001
6798	The Incredibly True Adventure of Two Girls in Love	tt0113416	1995
6808	Wired	tt0098660	1989
6818	The Mighty	tt0119670	1998
6828	Swedish Portraits	tt0058627	1964
6838	The Vicious Circle	tt0062075	1967
6848	The Ticket of Leave Man	tt0029671	1937
6858	Alibi	tt0021598	1931
6868	Gert and Daisy's Weekend	tt0033658	1942
6878	Caravan	tt0037578	1946
6888	Debt of Honour	tt0027507	1936
6898	Arms and the Woman	tt0006371	1916
6908	Reunion in Vienna	tt0024496	1933
6918	Thursday's Child	tt0035441	1943
6928	Miss Nobody	tt0017160	1926
6938	Day of Triumph	tt0046895	1954
6948	Daughter of Darkness	tt0040273	1948
6958	Murder in the Big House	tt0035098	1942
6968	Kill Her Gently	tt0050593	1957
6978	Paul Temple's Triumph	tt0042835	1950
6988	The Umbrella	tt0024714	1933
6998	A House Divided	tt0021978	1931
7008	Tough Luck	tt0376263	2003
7018	The Secret Life of Hernando Cortez	tt0064951	1969
7028	Six Ways to Sunday	tt0127288	1997
7038	The Model and the Marriage Broker	tt0043813	1951
7048	The Virgin President	tt0063783	1969
7058	Late Extra	tt0026610	1935
7068	Ski Troop Attack	tt0054315	1960
7078	María Dolores	tt0044889	1953
7088	The Shanghai Drama	tt0028809	1938
7098	The Men	tt0042727	1950
7108	The Dark Corner	tt0038453	1946
7118	The Steel Jungle	tt0047525	1956
7128	Don't Bother to Knock	tt0044557	1952
7138	The Lady Pays Off	tt0043720	1951
7148	Home from the Hill	tt0053917	1960
6019	Class Action	tt0101590	1991
6029	Up in Smoke	tt0078446	1978
6039	Patricia	tt0081315	1981
6049	Altered States	tt0080360	1980
6059	Memphis Belle	tt0100133	1990
6069	The Gospel According to Vic	tt0089221	1986
6079	Morgan!	tt0060714	1966
6089	Death Game	tt0075921	1977
6099	The Ceremony	tt0056918	1963
6109	The Van	tt0075378	1977
6119	Four Weddings and a Funeral	tt0109831	1994
6129	Joanna	tt0063157	1968
6139	A Thousand Clowns	tt0059798	1965
6149	Work Is a 4-Letter Word	tt0062503	1968
6159	Mutiny on the Bounty	tt0056264	1962
6169	Melvin and Howard	tt0081150	1980
6179	Red Dawn	tt0087985	1984
6189	Catch-22	tt0065528	1970
6199	Downhill Racer	tt0064253	1969
6209	Aliw	tt0078752	1979
6219	The Heart Is a Lonely Hunter	tt0063050	1968
6229	Where It's At	tt0065208	1969
6239	So Evil, So Young	tt0055459	1961
6249	Chu Chu and the Philly Flash	tt0082177	1981
6259	Wait Until Dark	tt0062467	1967
6269	Crossroads	tt0090888	1986
6279	Funny Farm	tt0095188	1988
6289	Butch and Sundance: The Early Days	tt0078919	1979
6299	Greetings	tt0063036	1968
6309	Happy Anniversary	tt0052878	1959
6319	Over-Exposed	tt0049587	1956
6329	Sabu and the Magic Ring	tt0050921	1957
6339	Cry, the Beloved Country	tt0043436	1951
6349	Bigger Than Life	tt0049010	1956
6359	Breaking Away	tt0078902	1979
6369	Star Wars: Episode II - Attack of the Clones	tt0121765	2002
6379	Awake	tt0211933	2007
6389	Friends	tt0106968	1993
6399	Why Not?	tt0082313	1981
6409	Bullshot Crummond	tt0085279	1983
6419	Nathalie Granger	tt0068991	1972
6429	The Wild Angels	tt0061189	1966
6439	Spark	tt0159765	1998
6449	For Those in Peril	tt0036834	1944
6459	The Law vs. Billy the Kid	tt0047163	1954
6469	Forbidden	tt0040365	1949
6479	Hamlet	tt0116477	1996
6489	Wuthering Heights	tt0104181	1992
6499	It Shouldn't Happen to a Vet	tt0079353	1976
6509	Jump the Gun	tt0119430	1997
6519	After the Rain	tt0202782	1999
6529	Undercover Blues	tt0108442	1993
6539	Spoiled Children	tt0075933	1977
6549	Monty Python Live at the Hollywood Bowl	tt0084352	1982
6559	Meine Tochter und ich	tt0057299	1963
6569	Sword for Hire	tt0045137	1952
6579	Himiko	tt0071609	1974
6589	Four Seasons: Natsuko	tt0081503	1980
6599	Horseplayer	tt0099796	1990
6609	Crime on a Summer Morning	tt0059562	1965
6619	Maniac	tt0081114	1980
6629	Love and the Midnight Auto Supply	tt0077872	1977
6639	The Bad News Bears Go to Japan	tt0077199	1978
6649	American Graffiti	tt0069704	1973
6659	The Moving Finger	tt0213895	1963
6669	Ohé! Les valises	tt0019228	1928
6679	Last Love	tt0040283	1949
6689	Rebel Without a Cause	tt0048545	1955
6699	So Dear to My Heart	tt0041890	1948
6709	The Legend of Billie Jean	tt0089470	1985
6719	Repórter X	tt0091843	1987
6729	Malarek	tt0097818	1988
6739	The Rebel Rousers	tt0066286	1970
6749	The Arnelo Affair	tt0039160	1947
6759	The LaMastas	tt0226924	1998
6769	Transit	tt2006294	\N
6779	Limit Up	tt0097755	1989
6789	Diamond Ruff	tt2111292	2015
6799	Loving Jezebel	tt0174885	1999
6809	The Rain Killer	tt0102750	1990
6819	Cheats	tt0250292	2002
6829	Att angöra en brygga	tt0058926	1965
6839	The Softening of the Egg	tt0073946	1975
6849	The Poisoned Diamond	tt0025659	1933
6859	Black Coffee	tt0021669	1931
6869	Othello	tt0038812	1946
6879	Night of the Silvery Moon	tt0047280	1954
6889	Ourselves Alone	tt0028071	1936
6899	The Hole in the Wall	tt0019992	1929
6909	Captain Hurricane	tt0026176	1935
6919	The Lamp Still Burns	tt0036095	1943
6929	Old Loves and New	tt0017227	1926
6939	Music Man	tt0040621	1948
6949	Nightbeat	tt0040642	1947
6959	Dr. Gillespie's Criminal Case	tt0035826	1943
6969	Black Tide	tt0051013	1958
6979	The Big Frame	tt0044850	1952
6989	Tangled Evidence	tt0025860	1934
6999	Waterloo Bridge	tt0022550	1931
7009	Three	tt0065094	1969
7019	Passions	tt0068843	1972
7029	Dark Harbor	tt0129023	1998
7039	Mr. Belvedere Rings the Bell	tt0043820	1951
7049	Crash Drive	tt0052710	1959
7059	Blind Man's Bluff	tt0027370	1936
7069	The Hallucinating Trip	tt0139573	1975
7079	This Man Is Dangerous	tt0045617	1953
7089	Altura	tt0041114	1949
7099	Bird of Paradise	tt0043343	1951
7109	Brilliant Marriage	tt0027399	1936
7119	Chinatown	tt0071315	1974
7129	The Kid from Left Field	tt0045958	1953
7139	King of the Coral Sea	tt0049409	1954
7149	Bachelor in Paradise	tt0054652	1961
7159	The Last Time I Saw Archie	tt0055074	1961
7169	The Loners	tt0068873	1972
7179	Terminal Choice	tt0090148	1985
6020	MURDER and murder	tt0116949	1996
6030	Cheech and Chong's Next Movie	tt0080520	1980
6040	Camino largo a Tijuana	tt0094830	1991
6050	Body Heat	tt0082089	1981
6060	The Incident	tt0061814	1967
6070	Hope and Glory	tt0093209	1987
6080	Camelot	tt0061439	1967
6090	The Haunting of Julia	tt0074611	1977
6100	The Servant	tt0057490	1963
6110	Going Ape!	tt0082457	1981
6120	Ace Ventura: When Nature Calls	tt0112281	1995
6130	Act of the Heart	tt0065370	1970
6140	Oh Dad, Poor Dad, Mamma's Hung You in the Closet and I'm Feelin' So Sad	tt0062067	1967
6150	The Bofors Gun	tt0062746	1968
6160	The War of the Planets	tt0059101	1966
6170	The Avenging	tt0083602	1982
6180	The Graduate	tt0061722	1967
6190	Carnal Knowledge	tt0066892	1971
6200	Repelsteeltje	tt0070601	1973
6210	Desire	tt0085429	1982
6220	Cover Me Babe	tt0065582	1970
6230	I Love My Wife	tt0065871	1970
6240	Let's Do It Again	tt0073282	1975
6250	Quicksilver	tt0091814	1986
6260	Pete 'n' Tillie	tt0069080	1972
6270	The Dove	tt0071438	1974
6280	Joan of Arc	tt0040491	1948
6290	Undercover	tt0086511	1984
6300	Sam's Song	tt0064924	1969
6310	Gidget Goes Hawaiian	tt0054923	1961
6320	Band of Angels	tt0050166	1957
6330	Terror at Black Falls	tt0056570	1962
6340	Go Man Go	tt0047032	1954
6350	Shadow of the Thin Man	tt0034172	1941
6360	A Perfect Couple	tt0079710	1979
6370	Shallow Grave	tt0111149	1994
6380	Penny and the Pownall Case	tt0040687	1948
6390	Shopping	tt0111173	1994
6400	Samurai Reincarnation	tt0082699	1981
6410	A State of Emergency	tt0092010	1986
6420	Woman of the Ganges	tt0070057	1974
6430	The Trip	tt0062395	1967
6440	Love Beat the Hell Outta Me	tt0183423	2000
6450	Love in Waiting	tt0040551	1948
6460	Holiday Week	tt0044708	1952
6470	The Loneliness of the Long Distance Runner	tt0056194	1962
6480	Muriel's Wedding	tt0110598	1994
6490	Riff-Raff	tt0100491	1991
6500	The Final Conflict	tt0082377	1981
6510	Grader Murphy	tt5182564	1989
6520	Twice Upon a Time	tt0252068	1988
6530	Maurice	tt0093512	1987
6540	Heroes Are Not Wet Behind the Ears	tt0077709	1978
6550	The Meaning of Life	tt0085959	1983
6560	I Learned It from Father	tt0057994	1964
6570	The Pornographers	tt0060560	1966
6580	Firebird: Daybreak Chapter	tt0077673	1978
6590	Ninnomiya Kinjiroh monogatari	tt0129264	1996
6600	The 400 Blows	tt0053198	1959
6610	Cop-Out	tt0061515	1967
6620	Anne Devlin	tt0193720	1984
6630	September 30, 1955	tt0078231	1977
6640	One Potato, Two Potato	tt0058429	1964
6650	The Apprenticeship of Duddy Kravitz	tt0071155	1974
6660	Five Easy Pieces	tt0065724	1970
6670	Chacun sa chance	tt0020751	1930
6680	L'homme de ma vie	tt0044172	1952
6690	Ride Out for Revenge	tt0050900	1957
6700	Sierra	tt0042963	1950
6710	The Name of the Rose	tt0091605	1986
6720	Good Morning Babylon	tt0093104	1987
6730	Babyface	tt0147867	1998
6740	Embryo	tt0074475	1976
6750	An Ambush of Ghosts	tt0106253	1993
6760	The Crossing	tt0099323	1990
6770	Go Tell It on the Mountain	tt2354049	1984
6780	The Loveless	tt0085872	1981
6790	My Little Pony: The Movie	tt0091584	1986
6800	After	tt1799508	2012
6810	Not Another Teen Movie	tt0277371	2001
6820	Paris by Night	tt0095823	1988
6830	Ett svårskött pastorat	tt0052261	1958
6840	Manrape	tt0077968	1978
6850	Anything Might Happen	tt0026078	1934
6860	The Boat from Shanghai	tt0021741	1931
6870	Journey Together	tt0038663	1945
6880	The Betrayal	tt0050186	1957
6890	Be Mine Tonight	tt0022658	1932
6900	East Is West	tt0020850	1930
6910	The Chance of a Lifetime	tt0035726	1943
6920	The Man in Grey	tt0036135	1943
6930	Courageous Mr. Penn	tt0033493	1942
6940	Sierra Passage	tt0042964	1950
6950	Hue and Cry	tt0039478	1947
6960	Britannia of Billingsgate	tt0023845	1933
6970	Dirnentragödie	tt0017812	1927
6980	Escape in the Sun	tt0186995	1956
6990	The Song of Bernadette	tt0036377	1943
7000	Stranglehold	tt0021419	1931
7010	Journey Into Fear	tt0073213	1975
7020	Imitation of Christ	tt0207531	1967
7030	Floating	tt0139216	1997
7040	The Young Guns	tt0049974	1956
7050	Part-Time Wife	tt0055280	1961
7060	The High Command	tt0027741	1937
7070	Siempre vuelven de madrugada	tt0040784	1949
7080	Poison Ivy	tt0046115	1953
7090	Behind Closed Shutters	tt0042842	1951
7100	Home in Indiana	tt0036926	1944
7110	It Couldn't Have Happened (But It Did)	tt0027807	1936
7120	The Cyclops	tt0050281	1957
7130	Tonight We Sing	tt0046441	1953
7140	World Without End	tt0049964	1956
7150	The Honeymoon Machine	tt0054989	1961
6021	Made for Each Other	tt0067377	1971
6031	Nice Dreams	tt0082163	1981
6041	Cabeza de Vaca	tt0101529	1991
6051	Eyewitness	tt0082353	1981
6061	The Subject Was Roses	tt0063654	1968
6071	The Belly of an Architect	tt0092637	1987
6081	Goin' South	tt0077621	1978
6091	Reuben, Reuben	tt0084591	1983
6101	First Blood	tt0083944	1982
6111	Terms of Endearment	tt0086425	1983
6121	Running Hot	tt0088025	1984
6131	The Bachelor Party	tt0050156	1957
6141	Plaza Suite	tt0067589	1971
6151	The Small World of Sammy Lee	tt0052205	1963
6161	Texas, Adios	tt0060143	1966
6171	Border Shootout	tt0097720	1990
6181	Madigan's Millions	tt0063303	1968
6191	Who's That Knocking at My Door	tt0063803	1967
6201	Turkish Delight	tt0070842	1973
6211	Laboratory	tt0229523	1980
6221	Willard	tt0067991	1971
6231	Apache	tt0046719	1954
6241	Touched by Love	tt0081646	1980
6251	Open House	tt0093676	1987
6261	A Wedding	tt0078481	1978
6271	Crime and Passion	tt0072600	1976
6281	Whirlpool	tt0042039	1950
6291	The Philadelphia Experiment	tt0087910	1984
6301	Hi, Mom!	tt0065836	1970
6311	The Other Kind of Love	tt0015203	1924
6321	Bombers B-52	tt0050204	1957
6331	Bus Stop	tt0049038	1956
6341	Sayonara	tt0050933	1957
6351	A Yank on the Burma Road	tt0035574	1942
6361	Marat/Sade	tt0060668	1967
6371	Blue Juice	tt0112537	1995
6381	Alias John Preston	tt0048938	1955
6391	Tale of the Mummy	tt0127919	1998
6401	Shadow of China	tt0102895	1989
6411	Our Winning Season	tt0078047	1978
6421	The High Cost of Loving	tt0051721	1958
6431	Psych-Out	tt0063469	1968
6441	Fantastic Four	tt0120667	2005
6451	Murder at 3am	tt0046106	1953
6461	Roadhouse Girl	tt0046045	1953
6471	Private Potter	tt0056376	1962
6481	Cosi	tt0115951	1996
6491	Priest	tt0110889	1994
6501	Emma's War	tt0091008	1987
6511	I Love You, I Love You Not	tt0116592	1996
6521	Krull	tt0085811	1983
6531	Where Angels Fear to Tread	tt0103243	1991
6541	For 200 Grand, You Get Nothing Now	tt0084526	1982
6551	Strange Brew	tt0086373	1983
6561	Spukschloß im Salzkammergut	tt0059748	1966
6571	Tora-San's Cherished Mother	tt0066607	1969
6581	Bitterness of Youth	tt0072135	1974
6591	Iceman	tt0087452	1984
6601	Boulevard	tt0053671	1960
6611	Le Beau Serge	tt0051404	1958
6621	Maeve	tt0277122	1983
6631	Ghost Fever	tt0093088	1986
6641	The Bell Jar	tt0078843	1979
6651	The Second Coming of Suzanne	tt0072130	1974
6661	Born to Win	tt0066856	1971
6671	La vieille dame indigne	tt0059875	1965
6681	Inside a Girls' Dormitory	tt0045700	1953
6691	The Strange Love of Martha Ivers	tt0038988	1946
6701	Cheer the Brave	tt0043399	1951
6711	Twisted	tt0092122	1986
6721	Milan noir	tt0093538	1988
6731	Sleeping Dogs Lie	tt0164895	1998
6741	From Hell to Texas	tt0051636	1958
6751	The Road Killers	tt0110999	1994
6761	Hammers Over the Anvil	tt0101996	1993
6771	Panther	tt0114084	1995
6781	Roadhouse 66	tt0088008	1984
6791	There Goes the Neighborhood	tt0105573	1992
6801	The Purity Code	tt3281682	\N
6811	The Perfect Score	tt0314498	2004
6821	Fools of Fortune	tt0099594	1990
6831	The Monkey King	tt0059855	1963
6841	47:an Löken blåser på!	tt0069667	1972
6851	Maria Marten, or The Murder in the Red Barn	tt0026743	1935
6861	Yellow Stockings	tt0019604	1928
6871	Warning to Wantons	tt0040950	1949
6881	A Son Is Born	tt0038966	1946
6891	Early to Bed	tt0023974	1933
6901	Four Daughters	tt0030149	1938
6911	Kansas City Kitty	tt0036978	1944
6921	Babes on Swing Street	tt0036623	1944
6931	A.J. Cronin's Hatter's Castle	tt0033692	1942
6941	Home Town Story	tt0043651	1951
6951	Train of Events	tt0041982	1949
6961	The First Offence	tt0024015	1936
6971	Hocuspocus	tt0020982	1930
6981	Men Against the Sun	tt0246075	1953
6991	The Eve of St. Mark	tt0036803	1944
7001	Keepers of Youth	tt0022019	1931
7011	The Legend of Hillbilly John	tt0070295	1972
7021	Lonesome Cowboys	tt0063236	1968
7031	The Next Step	tt0113968	1997
7041	The Restless Breed	tt0050893	1957
7051	Tarnished Heroes	tt0055504	1961
7061	Whistle Down the Wind	tt0055618	1961
7071	Despertó su corazón	tt0041292	1949
7081	Jailbirds	tt0046735	1954
7091	L'ultima sentenza	tt0044161	1951
7101	In the Meantime, Darling	tt0036955	1944
7111	Come to the Stable	tt0041257	1949
7121	Daughter of Dr. Jekyll	tt0050292	1957
7131	The Delinquents	tt0050302	1957
7141	Step Down to Terror	tt0052245	1958
7151	King Creole	tt0051818	1958
7173	Bananas	tt0066808	1971
6022	The Day of the Dolphin	tt0069946	1973
6032	Medium Cool	tt0064652	1969
6042	Crónica de familia	tt0088971	1986
6052	Walls of Glass	tt0090286	1985
6062	No Drums, No Bugles	tt0067497	1972
6072	Twins	tt0096320	1988
6082	The Legend of the Lone Ranger	tt0082648	1981
6092	Merry Christmas Mr. Lawrence	tt0085933	1983
6102	Gorky Park	tt0085615	1983
6112	Metalstorm: The Destruction of Jared-Syn	tt0085935	1983
6122	The Wild Life	tt0088402	1984
6132	Edge of the City	tt0050347	1957
6142	Joy of Sex	tt0087513	1984
6152	Circle of Deception	tt0054750	1960
6162	Django	tt0060315	1966
6172	An Eye for an Eye	tt0082350	1981
6182	John and Mary	tt0064513	1969
6192	Mean Streets	tt0070379	1973
6202	Das Amulett des Todes	tt0071138	1975
6212	De colores	tt0294508	1968
6222	The Only Way Home	tt0242743	1972
6232	Target Zero	tt0048698	1955
6242	McHale's Navy	tt0058336	1964
6252	The Evil That Men Do	tt0087222	1984
6262	HealtH	tt0079256	1980
6272	High Rolling in a Hot Corvette	tt0076144	1977
6282	Crisis	tt0042352	1950
6292	Eddie and the Cruisers II: Eddie Lives!	tt0097262	1989
6302	The Death Collector	tt0072855	1976
6312	Arrowhead	tt0045518	1953
6322	Girl on the Run	tt0051661	1958
6332	Man on Fire	tt0050682	1957
6342	Cash McCall	tt0052680	1960
6352	Undercover Maisie	tt0039935	1947
6362	The Benefit of the Doubt	tt0061396	1967
6372	The Pillow Book	tt0114134	1996
6382	The Curse of Frankenstein	tt0050280	1957
6392	London Kills Me	tt0102328	1991
6402	Woman Rose	tt0118189	1996
6412	The Seniors	tt0078228	1978
6422	Lonely Are the Brave	tt0056195	1962
6432	The Alarmist	tt0119534	1997
6442	Idle Hands	tt0138510	1999
6452	A Boy, a Girl and a Bike	tt0041203	1949
6462	Wheel of Fate	tt0046543	1953
6472	Billy Liar	tt0056868	1963
6482	Der sanfte Lauf	tt0062230	1967
6492	Go Now	tt0113184	1995
6502	Initiation	tt0094385	1987
6512	Gattaca	tt0119177	1997
6522	L'étincelle	tt0088468	1986
6532	Damage	tt0104237	1992
6542	Vagabond	tt0089960	1985
6552	Streets of Fire	tt0088194	1984
6562	Night Head	tt0113980	1995
6572	Tora-san, the Good Samaritan	tt0067539	1971
6582	The Yellow Handkerchief	tt0076935	1977
6592	Year of the Dragon	tt0090350	1985
6602	Love at Twenty	tt0055747	1962
6612	Les Bonnes Femmes	tt0053666	1960
6622	The Tall Guy	tt0098436	1989
6632	The London Connection	tt0079481	1979
6642	Closing the Deal	tt0235302	2000
6652	Hairspray	tt0095270	1988
6662	A Gunfight	tt0067168	1971
6672	Two Men in Town	tt0069967	1973
6682	L'échappatoire	tt0076964	1977
6692	I Walk Alone	tt0039482	1947
6702	Scotland Yard Inspector	tt0045128	1952
6712	Delusion	tt0101704	1991
6722	Beethoven	tt0103786	1992
6732	Hollywood Palms	tt0170008	2001
6742	The Young Land	tt0053461	1959
6752	Fall Time	tt0113014	1995
6762	Proof	tt0102721	1991
6772	Vampire in Brooklyn	tt0114825	1995
6782	To Live and Die in L.A.	tt0090180	1985
6792	We're Back! A Dinosaur's Story	tt0108526	1993
6802	Pastime	tt0105109	1990
6812	Little Giants	tt0110364	1994
6822	Forget About Me	tt0099600	1990
6832	Salka Valka	tt0047442	1954
6842	Maria	tt0073354	1975
6852	Facing the Music	tt0023999	1933
6862	Meet My Sister	tt0024319	1933
6872	One Wild Oat	tt0043884	1951
6882	Bush Christmas	tt0039231	1947
6892	Friday the Thirteenth	tt0024037	1933
6902	Blackwell's Island	tt0031103	1939
6912	The Virginia Judge	tt0027177	1935
6922	Chip Off the Old Block	tt0036710	1944
6932	Love on the Dole	tt0033853	1941
6942	Lilli Marlene	tt0042679	1950
6952	Blackout	tt0042258	1950
6962	The Ghost Camera	tt0024054	1933
6972	Der Weg nach Rio	tt0021538	1931
6982	His Excellency	tt0044711	1952
6992	Wing and a Prayer	tt0037466	1944
7002	Uneasy Virtue	tt0022519	1931
7012	The Love Merchant	tt0059405	1966
7022	Lions Love (... and Lies)	tt0064591	1969
7032	Rotten to the Core	tt0059660	1965
7042	The Cool and the Crazy	tt0051488	1958
7052	A Coming-Out Party	tt0055593	1961
7062	A Kind of Loving	tt0056141	1962
7072	Mi adorado Juan	tt0041649	1950
7082	The Gendarme of Champignol	tt0157691	1959
7092	A Devil with Women	tt0020822	1930
7102	Winged Victory	tt0037467	1944
7112	Abie's Irish Rose	tt0038283	1946
7122	China Venture	tt0045624	1953
7132	Hear Me Good	tt0050488	1957
7142	Margie	tt0038727	1946
7152	Lonelyhearts	tt0053017	1958
7162	Handle with Care	tt0051697	1958
7172	Take the Money and Run	tt0065063	1969
7182	Far North	tt0095135	1988
6023	A Touch of Class	tt0070819	1973
6033	The Hired Hand	tt0067204	1971
6043	Tres son peor que una	tt0234921	1992
6053	The Luckiest Man in the World	tt0097792	1989
6063	Talk Radio	tt0096219	1988
6073	Letter to Brezhnev	tt0089477	1985
6083	Back to the Future	tt0088763	1985
6093	Britannia Hospital	tt0083694	1982
6103	Never Cry Wolf	tt0086005	1983
6113	Mischief	tt0089601	1985
6123	Mask	tt0089560	1985
6133	Darby's Rangers	tt0051519	1958
6143	Real Genius	tt0089886	1985
6153	The Queen's Guards	tt0055348	1961
6163	The Cry Baby Killer	tt0051500	1958
6173	Ruckus	tt0084611	1980
6183	A Star Is Born	tt0075265	1976
6193	That's the Way of the World	tt0073703	1975
6203	Crescendo	tt0064188	1970
6213	Deadly Jacks	tt0294510	1968
6223	The Magic of Make-up	tt0035013	1942
6233	Gang War	tt0051647	1958
6243	McHale's Navy Joins the Air Force	tt0059437	1965
6253	The Night Before	tt0095730	1988
6263	Diner	tt0083833	1982
6273	The Fog	tt0080749	1980
6283	Flying	tt0091065	1986
6293	Night of the Running Man	tt0110668	1995
6303	Dear Mr. Wonderful	tt0083804	1982
6313	Alaska Seas	tt0046692	1954
6323	We Go to Monte Carlo	tt0043818	1953
6333	Town Without Pity	tt0055539	1961
6343	Reform School Girl	tt0050890	1957
6353	Hondo	tt0045883	1953
6363	Negatives	tt0063338	1968
6373	The Innocent	tt0089341	1985
6383	Let Him Have It	tt0102288	1991
6393	Different for Girls	tt0116102	1996
6403	Two English Girls	tt0066989	1971
6413	Mission Hill	tt0084337	1982
6423	The Spiral Road	tt0056516	1962
6433	Private Parts	tt0119951	1997
6443	Paranoid	tt0197750	2000
6453	Diamond City	tt0041294	1949
6463	The End of the Affair	tt0048034	1955
6473	Sharon's Baby	tt0072867	1975
6483	The Marquise of O	tt0074870	1976
6493	Hackers	tt0113243	1995
6503	The Girl Who Came Late	tt0101953	1992
6513	Beyond the Ocean	tt0418985	2006
6523	Zoeken naar Eileen	tt0094382	1987
6533	Body Contact	tt0092683	1987
6543	Le complexe du kangourou	tt0090870	1986
6553	Club Paradise	tt0090856	1986
6563	The Perfect Education	tt0263854	1999
6573	Ezo yakata no ketto	tt0065713	1970
6583	No More Easy Life	tt0079570	1979
6593	Echoes of Paradise	tt0092946	1987
6603	Friend or Foe	tt0082420	1982
6613	A Private Enterprise	tt0067619	1974
6623	Beltenebros	tt0101431	1991
6633	Thumbelina	tt0111419	1994
6643	No Expectations	tt1999932	2011
6653	Find the Lady	tt0027619	1936
6663	The Three Sisters	tt0061092	1966
6673	La demoiselle et son revenant	tt0044535	1952
6683	Faute de soleil	tt0113042	1995
6693	Out of the Past	tt0039689	1947
6703	The Glass Tomb	tt0048123	1955
6713	Endsville	tt0202864	2000
6723	Beethoven's 2nd	tt0106375	1993
6733	Double Bang	tt0251057	2001
6743	Key Witness	tt0053993	1960
6753	Sex & the Other Man	tt0112628	1995
6763	Operation C.I.A.	tt0059548	1965
6773	The Legend of 1900	tt0120731	1998
6783	Rumble Fish	tt0086216	1983
6793	Wedding in White	tt0069489	1972
6803	South Central	tt0105450	1992
6813	The Boys Club	tt0118763	1996
6823	Rhinoceros Hunting in Budapest	tt0117472	1997
6833	Storm över Tjurö	tt0047527	1954
6843	The American Dream	tt0074439	1976
6853	Norah O'Neale	tt0025313	1934
6863	The Feathered Serpent	tt0025105	1934
6873	The Massacre of Glencoe	tt1176908	1971
6883	The Loves of Joanna Godden	tt0039587	1947
6893	Turn of the Tide	tt0027140	1935
6903	Daughters Courageous	tt0031212	1939
6913	The Accusing Finger	tt0027253	1936
6923	The Merry Monahans	tt0037070	1944
6933	Canon City	tt0040210	1948
6943	Judgment Deferred	tt0044773	1952
6953	Raiders in the Sky	tt0045513	1953
6963	Emergency Landing	tt0033576	1941
6973	Cross Channel	tt0047963	1955
6983	Fanciulle di lusso	tt0045746	1953
6993	The Bride of the Lake	tt0024912	1934
7003	Lisbon Story	tt0038693	1946
7013	The Swap and How They Make It	tt0061050	1966
7023	Sweet Skin	tt0057536	1963
7033	Georgy Girl	tt0060453	1966
7043	The Time Machine	tt0054387	1960
7053	Kill or Cure	tt0056139	1962
7063	The Running Man	tt0057463	1963
7073	Captain Ardant	tt0044473	1951
7083	Quattro rose rosse	tt0043945	1951
7093	Up the River	tt0021508	1930
7103	City Across the River	tt0041251	1949
7113	Red River	tt0040724	1948
7123	Riot in Cell Block 11	tt0047417	1954
7133	The Bonnie Parker Story	tt0051430	1958
7143	Chicken Every Sunday	tt0040229	1949
7153	The Plunderers	tt0054190	1960
7163	Imitation General	tt0051767	1958
6024	Nickel Mountain	tt0089683	1984
6034	High Plains Drifter	tt0068699	1973
6044	Pueblo sin suerte	tt0339540	2002
6054	The Milkman	tt0042733	1950
6064	Prisoners of Inertia	tt0098128	1989
6074	Manifesto	tt0097826	1988
6084	Straight Time	tt0078326	1978
6094	Donkeys	tt1134846	2010
6104	New Generation	tt0079622	1979
6114	Secret Admirer	tt0089981	1985
6124	Tro, håb og kærlighed	tt0088299	1984
6134	Taps	tt0083169	1981
6144	The Heart Within	tt0050489	1957
6154	Small Hotel	tt0050984	1957
6164	The Wild Ride	tt0054475	1960
6174	Midnight Madness	tt0081159	1980
6184	Big Wednesday	tt0077235	1978
6194	The Holly and the Ivy	tt0044716	1952
6204	The Asphyx	tt0069738	1972
6214	Record City	tt0076604	1978
6224	Beyond the Last Frontier	tt0035676	1943
6234	Between Two Women	tt0036640	1945
6244	Black Like Me	tt0057889	1964
6254	Eddie and the Cruisers	tt0085475	1983
6264	Forty Deuce	tt0083962	1982
6274	Creepshow	tt0083767	1982
6284	Alambrista!	tt0075654	1977
6294	Losin' It	tt0085868	1983
6304	Love at First Sight	tt0071777	1977
6314	That Certain Feeling	tt0049841	1956
6324	Secret People	tt0044014	1952
6334	The Invisible Boy	tt0050546	1957
6344	I vinti	tt0045294	1953
6354	Summer and Smoke	tt0055489	1961
6364	To Have and Have Not	tt0037382	1944
6374	Lamb	tt0091375	1985
6384	Jude	tt0116722	1996
6394	Les 1001 nuits	tt0098961	1990
6404	Noroît	tt0074974	1976
6414	Tin Men	tt0094155	1987
6424	My Cousin Vinny	tt0104952	1992
6434	Mystery, Alaska	tt0134618	1999
6444	The Adventures of Picasso	tt0078084	1978
6454	The Phantom Strikes	tt0030174	1938
6464	The Abominable Snowman	tt0050095	1957
6474	Raku Fire	tt0076596	1977
6484	The Wild Duck	tt0075430	1976
6494	Trainspotting	tt0117951	1996
6504	Deadly Jaws	tt0072303	1974
6514	Magic Hunter	tt0109356	1994
6524	Au Pair	tt0109171	1994
6534	Liberation	tt0110341	1994
6544	Les bois noirs	tt0096965	1989
6554	With Six You Get Eggroll	tt0063821	1968
6564	Freezing Point	tt0060528	1966
6574	Miyamoto Musashi	tt0070761	1973
6584	Invasion of the Neptune Men	tt0055562	1961
6594	Manon	tt0082711	1981
6604	It's Not Cricket	tt0029059	1937
6614	Women and Bloody Terror	tt0065222	1970
6624	Footlight Frenzy	tt0304032	1984
6634	Angel in Training	tt0166986	1999
6644	Dirty Lily	tt0075943	1978
6654	Strange Cargo	tt0028317	1936
6664	Who's Afraid of Virginia Woolf?	tt0061184	1966
6674	Le bon Dieu sans confession	tt0045569	1953
6684	Jaune le soleil	tt0067263	1971
6694	Buster Keaton Rides Again	tt0059000	1965
6704	Up the Academy	tt0081695	1980
6714	White Men Can't Jump	tt0105812	1992
6724	Return to Macon County	tt0073624	1975
6734	Tammy and the Doctor	tt0057558	1963
6744	Picnic	tt0048491	1955
6754	Jury Duty	tt0113500	1995
6764	Navajo Joe	tt0061587	1966
6774	Return to Waterloo	tt0089909	1984
6784	The Pope of Greenwich Village	tt0087932	1984
6794	Hester Street	tt0073107	1975
6804	Showgirls	tt0114436	1995
6814	Wild America	tt0120512	1997
6824	Basic Instinct	tt0103772	1992
6834	Adam och Eva	tt0056812	1963
6844	Giliap	tt0073045	1975
6854	Song at Eventide	tt0025811	1934
6864	Silver Top	tt0030749	1938
6874	The Girl in a Swing	tt0097435	1988
6884	The Mark of Cain	tt0039611	1947
6894	The Man Who Made Diamonds	tt0029203	1937
6904	Her First Affaire	tt0024108	1932
6914	The Arizona Raiders	tt0027308	1936
6924	Blonde Venus	tt0022698	1932
6934	He Walked by Night	tt0040427	1948
6944	An Inspector Calls	tt0047119	1954
6954	The Baby and the Battleship	tt0048974	1956
6964	Dangerous Business	tt0038447	1946
6974	The Warriors	tt0047975	1955
6984	Paratrooper	tt0046161	1953
6994	Sing As We Go!	tt0025796	1934
7004	The Trojan Brothers	tt0039049	1946
7014	The Nude Restaurant	tt0062055	1967
7024	The Inner Scar	tt0068380	1972
7034	Sequestro di persona	tt0063582	1968
7044	Where the Boys Are	tt0054469	1960
7054	Village of Daughters	tt0056659	1962
7064	Girl with Green Eyes	tt0058142	1964
7074	Ça va barder	tt0047697	1955
7084	Alerte au sud	tt0045496	1953
7094	The Bad Sister	tt0021636	1931
7104	Perfect Strangers	tt0042841	1950
7114	All the King's Men	tt0041113	1949
7124	Baby Face Nelson	tt0050155	1957
7134	The Hawk	tt0026456	1935
7144	Mr. Belvedere Goes to College	tt0041662	1949
7154	Peer Gynt	tt0034010	1941
7164	Did You Hear the One About the Traveling Saleslady?	tt0062890	1968
7174	The Money	tt0073399	1976
7158	West Side Story	tt0055614	1961
7168	The Cat from Outer Space	tt0077305	1978
7178	Amityville 3-D	tt0085159	1983
7188	Robbery Under Arms	tt0050904	1957
7198	The Rain People	tt0064873	1969
7208	King Kong	tt0074751	1976
7218	Shoot Out	tt0067750	1971
7228	Play Nice	tt0105147	1992
7238	Butterflies in Heat	tt1824929	1979
7248	Better Late Than Never	tt0083647	1983
7258	It's Only Money	tt0056110	1962
7268	Reality Bites	tt0110950	1994
7278	Home of the Brave	tt0041481	1949
7288	Stacey	tt0070727	1973
7298	Tell Them Willie Boy Is Here	tt0065079	1969
7308	Girls Town	tt0052850	1959
7318	The Curse of the Living Corpse	tt0057985	1964
7328	O.C. and Stiggs	tt0089715	1985
7338	Babes in Toyland	tt0054649	1961
7348	The Pawnbroker	tt0059575	1964
7358	Close Encounters of the Third Kind	tt0075860	1977
7368	The Wild Child	tt0064285	1970
7378	Joe	tt0065916	1970
7388	The Strawberry Statement	tt0066415	1970
7398	Agente XU 777	tt0056815	1963
7408	The Jerusalem File	tt0068763	1972
7418	An Angel from Texas	tt0032207	1940
7428	True Grit	tt0065126	1969
7438	The Raid	tt0047388	1954
7448	The Charge at Feather River	tt0045621	1953
7458	Chilly Scenes of Winter	tt0079278	1979
7468	Dutch	tt0101786	1991
7478	Chasing Amy	tt0118842	1997
7488	Paramedics	tt0093702	1988
7498	Running on Empty	tt0084616	1982
7508	One Eight Seven	tt0118531	1997
7518	Twin Peaks: Fire Walk with Me	tt0105665	1992
7528	Tammy and the T-Rex	tt0111361	1994
7538	Dante's View	tt0138389	1998
7548	The Day of the Jackal	tt0069947	1973
7558	Max Dugan Returns	tt0085919	1983
7568	Tug	tt1215486	2010
7578	Children of the Corn	tt0087050	1984
7588	Cameron's Closet	tt0097008	1988
7598	Bilitis	tt0075753	1977
7608	Damned River	tt0097146	1989
7618	Turk 182!	tt0090217	1985
7628	La vacanza	tt0065161	1971
7638	20th Century Oz	tt0075030	1976
7648	Time Walker	tt0084796	1982
7658	27A	tt0071084	1974
7668	Touch and Go	tt0081645	1980
7678	O aristeidis kai ta koritsia tou	tt0206561	1964
7688	In the Highest of Skies	tt0074956	1977
7698	The Voyeur	tt0065192	1970
7708	Candyman	tt0103919	1992
7718	Liebe mit 16	tt0071752	1974
7728	The Chase	tt0060232	1966
7738	Ginger in the Morning	tt0070107	1974
7748	Turtle Beach	tt0103141	1992
7758	Bonnie & Clyde: The True Story	tt0103858	1992
7768	Clueless	tt0112697	1995
7778	Frankenstein Must Be Destroyed	tt0065738	1969
7788	Gangster Wars	tt0082434	1981
7798	Report to the Commissioner	tt0073620	1975
7808	Sky Commando	tt0046326	1953
7818	Scream 2	tt0120082	1997
7828	Distant Voices, Still Lives	tt0095037	1988
7838	Good Brutha Bad Brutha	tt2857286	2013
7848	La fleur de l'âge, ou Les adolescentes	tt0058103	1964
7858	The Locusts	tt0119557	1997
7868	Go Fish	tt0109913	1994
7160	A Girl Named Tamiko	tt0056021	1962
7170	Donovan's Reef	tt0057007	1963
7180	The Adventure of Faustus Bidgood	tt0090593	1986
7190	Wolfen	tt0083336	1981
7200	High Road to China	tt0085678	1983
7210	How to Beat the High Co$t of Living	tt0080895	1980
7220	The Hunger	tt0085701	1983
7230	Escape from Alcatraz	tt0079116	1979
7240	House of Women	tt0056082	1962
7250	Guns of Diablo	tt0058167	1965
7260	The Counterfeit Killer	tt0062828	1968
7270	Burnzy's Last Call	tt0112600	1995
7280	The Steel Helmet	tt0044072	1951
7290	Murder à la Mod	tt0163114	1968
7300	Invitation to a Gunfighter	tt0058238	1964
7310	The Explosive Generation	tt0054862	1961
7320	Klute	tt0067309	1971
7330	The Story of a Bad Woman	tt0040441	1948
7340	The Good Guys and the Bad Guys	tt0064379	1969
7350	The World of Suzie Wong	tt0054483	1960
7360	One on One	tt0076500	1977
7370	Oh, God!	tt0076489	1977
7380	The Candidate	tt0068334	1972
7390	Molly and Lawless John	tt0068962	1972
7400	Baby Blue Marine	tt0074173	1976
7410	Take This Job and Shove It	tt0083163	1981
7420	Trading Places	tt0086465	1983
7430	Westbound	tt0053441	1959
7440	Gun the Man Down	tt0049286	1956
7450	Metamorphosis	tt0074561	1976
7460	Why Would I Lie?	tt0081753	1980
7470	Sunday Too Far Away	tt0073765	1975
7480	Sherwood's Travels	tt0111169	1994
7490	Stir Crazy	tt0081562	1980
7500	One More Minute	tt0079917	1979
7510	Royal Children	tt0056161	1962
7520	Bongwater	tt0125678	1998
7530	Johnny Mnemonic	tt0113481	1995
7540	The Extraordinary Seaman	tt0064307	1969
7550	Galileo	tt0073029	1975
7560	1918	tt0088645	1985
7570	Heartburn	tt0091188	1986
7580	Lucas	tt0091445	1986
7590	Crazy People	tt0099316	1990
7600	Little Sister	tt0104741	1992
7610	The Producers	tt0063462	1967
7620	Liar's Moon	tt0082656	1982
7630	Plem, Plem - Die Schule brennt	tt0086121	1983
7640	Crushed	tt3359650	2015
7650	Warm Nights on a Slow Moving Train	tt0096420	1988
7660	Heatwave	tt0084059	1982
7670	Slate, Wyn & Me	tt0093988	1987
7680	Hameni eftyhia	tt0144956	1966
7690	Tribute to a Bad Man	tt0049881	1956
7700	Mary, Queen of Scots	tt0067402	1971
7710	Fortress	tt0106950	1992
7720	Verwirrung der Liebe	tt0053415	1959
7730	Bone	tt0068306	1972
7740	Mr. Mom	tt0085970	1983
7750	Soft Top Hard Shoulder	tt0105437	1992
7760	Love, Cheat & Steal	tt0107451	1993
7770	Falling Sky	tt0118903	1998
7780	The Return of Swamp Thing	tt0098193	1989
7790	The Imagemaker	tt0091259	1986
7800	Edward II	tt0101798	1991
7810	Swamp Women	tt0048682	1956
7820	The Punisher	tt0098141	1989
7830	Anchoress	tt0106271	1993
7840	Next Friday	tt0195945	2000
7850	Clownhouse	tt0094886	1989
7860	Lewis & Clark & George	tt0113646	1997
7870	Preaching to the Perverted	tt0119935	1997
7161	The Great American Pastime	tt0049277	1956
7171	What's Up, Tiger Lily?	tt0061177	1966
7181	Tender Mercies	tt0086423	1983
7191	F/X	tt0089118	1986
7201	Frantic	tt0095174	1988
7211	End of the Road	tt0065692	1970
7221	Pork Chop Hill	tt0053183	1959
7231	Lady in a Cage	tt0058283	1964
7241	Out of It	tt0063401	1969
7251	Guns in the Heather	tt0063039	1969
7261	Jekyll and Hyde... Together Again	tt0084171	1982
7271	Spectropia	tt0491159	2006
7281	Too Much Johnson	tt0030881	1938
7291	Quackser Fortune Has a Cousin in the Bronx	tt0066266	1970
7301	King Rat	tt0059358	1965
7311	The Intruder	tt0055019	1962
7321	Annie	tt0083564	1982
7331	La rubia Mireya	tt0040749	1948
7341	The McMasters	tt0064649	1970
7351	Flower Drum Song	tt0054885	1961
7361	Lies	tt0085846	1985
7371	The Black Stallion	tt0078872	1979
7381	Jory	tt0068773	1973
7391	Gangsterfilmen	tt0071527	1974
7401	Born to Ride	tt0101501	1991
7411	An Officer and a Gentleman	tt0084434	1982
7421	Paradise Alley	tt0078056	1978
7431	Apache Rifles	tt0057851	1964
7441	Calypso Joe	tt0050223	1957
7451	The Most Beautiful on the Earth	tt0039315	1947
7461	Prison-A-Go-Go!	tt0339534	2003
7471	Caddie	tt0074263	1976
7481	Good Boy!	tt0326900	2003
7491	Endangered Species	tt0083885	1982
7501	The True Story of Eskimo Nell	tt0131078	1975
7511	Nackt unter Wölfen	tt0056271	1963
7521	E.T. the Extra-Terrestrial	tt0083866	1982
7531	DragonHeart	tt0116136	1996
7541	Jenny	tt0064510	1970
7551	Skeleton Woman	tt0214140	2000
7561	Never Been Kissed	tt0151738	1999
7571	The Killing Fields	tt0087553	1984
7581	Welcome to 18	tt0092199	1986
7591	Matewan	tt0093509	1987
7601	Shamus	tt0070680	1973
7611	Start the Revolution Without Me	tt0066402	1970
7621	Man, Woman and Child	tt0085895	1983
7631	In a Glass Cage	tt0090197	1986
7641	The Sex Therapist	tt0069698	1973
7651	Rogue River	tt0042900	1951
7661	Mallacoota Stampede	tt0357889	1979
7671	Dalmas	tt0123781	1973
7681	Katigoro tous anthropous	tt0145023	1966
7691	Antigone	tt0055375	1961
7701	Defy Gravity	tt0276055	1990
7711	The Wonderful Ice Cream Suit	tt0129634	1998
7721	Die Fahne von Kriwoj Rog	tt0061637	1967
7731	The Limit	tt0068861	1972
7741	Johnny Dangerously	tt0087507	1984
7751	The Blue Iguana	tt0094768	1988
7761	The Minus Man	tt0151582	1999
7771	Cloak & Dagger	tt0087065	1984
7781	Double Tap	tt0119012	1997
7791	Elopement	tt0043499	1951
7801	Don't Get Me Started	tt0109645	1994
7811	Meet the Deedles	tt0120645	1998
7821	Red Scorpion	tt0098180	1988
7831	Bad Dreams	tt0094701	1988
7841	The Killing Kind	tt0070270	1973
7851	Box of Moon Light	tt0115738	1996
7861	Southie	tt0118766	1998
7175	Doctor Mabuse: Etiopomar	tt2254552	2014
7185	Citizens Band	tt0076123	1977
7195	Whirligig	tt1619889	2010
7205	Showdown	tt0070687	1973
7215	The Yin and the Yang of Mr. Go	tt0066592	1970
7225	Gloria	tt0080798	1980
7235	Monster on the Campus	tt0051948	1958
7245	The People Next Door	tt0066209	1970
7255	Daughters of Satan	tt0068448	1972
7265	Force 10 from Navarone	tt0077572	1978
7275	The Owl and the Pussycat	tt0066195	1970
7285	Angels' Wild Women	tt0068211	1972
7295	Sailor Beware	tt0043989	1952
7305	Assignment to Kill	tt0062684	1968
7315	Seconds	tt0060955	1966
7325	What's So Bad About Feeling Good?	tt0063799	1968
7335	Let's Do It Again	tt0045995	1953
7345	12 Angry Men	tt0050083	1957
7355	White Lightning	tt0070915	1973
7365	Flaming Star	tt0053825	1960
7375	On the Waterfront	tt0047296	1954
7385	The Lords of Discipline	tt0085867	1983
7395	A Man Called Sledge	tt0066050	1970
7405	Lucky Star	tt0020122	1929
7415	Ghost Warrior	tt0091110	1984
7425	Brewster McCloud	tt0065492	1970
7435	The Ghost Goes West	tt0026406	1935
7445	Day of the Evil Gun	tt0062865	1968
7455	Hearts High	tt0074632	1976
7465	A Far Off Place	tt0106868	1993
7475	Home Fries	tt0119304	1998
7485	K-9	tt0097637	1989
7495	Stork	tt0067795	1971
7505	Picnic at Hanging Rock	tt0073540	1975
7515	The Hours and Times	tt0104448	1991
7525	Home Alone 2: Lost in New York	tt0104431	1992
7535	Glory Daze	tt0116422	1995
7545	True Love	tt0098528	1989
7555	I Dreamed of Africa	tt0167203	2000
7565	Airheads	tt0109068	1994
7575	The Big Easy	tt0092654	1986
7585	Another 48 Hrs.	tt0099044	1990
7595	Electric Dreams	tt0087197	1984
7605	You Talkin' to Me?	tt0094361	1987
7615	Black Jack	tt0064372	1972
7625	The Silken Affair	tt0050973	1956
7635	The Night, the Prowler	tt0077992	1978
7645	Death Cheaters	tt0074385	1976
7655	Innocent Prey	tt0238302	1984
7665	Stone	tt0072209	1974
7675	Tis mias drahmis, ta giasemia	tt0289558	1960
7685	Doubt	tt0043485	1951
7695	The Draughtsman's Contract	tt0083851	1982
7705	Willy/Milly	tt0092216	1986
7715	El águila descalza	tt0065259	1971
7725	The Legend of Paul and Paula	tt0070299	1973
7735	Under Cover of Darkness	tt0331026	1992
7745	The Mountain Within	tt1279951	2009
7755	The Journey of Natty Gann	tt0089385	1985
7765	Lost Angels	tt0097782	1989
7775	The Howling	tt0082533	1981
7785	Caveman	tt0082146	1981
7795	Home Alone	tt0099785	1990
7805	The Lover	tt0101316	1992
7815	My Bodyguard	tt0081207	1980
7825	Another Time, Another Place	tt0051364	1958
7835	Headhunter	tt0437217	2005
7845	Rocky	tt0075148	1976
7855	Encino Man	tt0104187	1992
7865	Cool As Hell 2	tt6745192	2017
7176	The Godfather	tt0068646	1972
7186	Warlock Moon	tt0073882	1973
7196	Hobo with a Shotgun	tt1640459	2011
7206	The Terminal Man	tt0072267	1974
7216	The Last Picture Show	tt0067328	1971
7226	Aloha, Bobby and Rose	tt0073941	1975
7236	Follow That Dream	tt0055992	1962
7246	Moving Violation	tt0074924	1976
7256	The Washington Affair	tt0076905	1977
7266	Dark Illness	tt0100097	1990
7276	Night of Dark Shadows	tt0067491	1971
7286	Girls for Rent	tt0071642	1974
7296	Coogan's Bluff	tt0062824	1968
7306	Will Penny	tt0063811	1967
7316	Pretty Poison	tt0063456	1968
7326	Outlaw Blues	tt0076512	1977
7336	Mardi Gras	tt0051908	1958
7346	Al Capone	tt0052543	1959
7356	Bound for Glory	tt0074235	1976
7366	The Band Wagon	tt0045537	1953
7376	The Court-Martial of Billy Mitchell	tt0047956	1955
7386	Foolin' Around	tt0080750	1980
7396	Los pequeños gigantes	tt0051869	1960
7406	Fargo Express	tt0022880	1933
7416	Primary Target	tt0098124	1990
7426	Gas! -Or- It Became Necessary to Destroy the World in Order to Save It.	tt0065760	1970
7436	Eight Iron Men	tt0044579	1952
7446	For Men Only	tt0044628	1952
7456	Between the Lines	tt0075744	1977
7466	S.F.W.	tt0111048	1994
7476	Starship Troopers	tt0120201	1997
7486	Blue Chips	tt0109305	1994
7496	The Removalists	tt0073618	1975
7506	Agatha	tt0078736	1979
7516	Clockwork Mice	tt0112690	1995
7526	Tarzan and the Lost City	tt0120856	1998
7536	Going All the Way	tt0119209	1997
7546	Reversal of Fortune	tt0100486	1990
7556	The Rising Place	tt0201020	2001
7566	Billy Madison	tt0112508	1995
7576	Raising Arizona	tt0093822	1987
7586	A Man in Uniform	tt0107179	1993
7596	Flesh	tt0062979	1968
7606	Caddie Woodlawn	tt0185211	1989
7616	Imps*	tt1330618	2009
7626	The Promise	tt0079756	1979
7636	Summerfield	tt0076782	1977
7646	Don's Party	tt0074422	1976
7656	In the Red	tt0213724	1999
7666	Dragon Flies	tt0073343	1975
7676	To syrtaki tis amartias	tt0061054	1968
7686	Path to the Kingdom	tt0045180	1952
7696	To the Four Winds	tt0092502	1987
7706	After Midnight	tt0096769	1989
7716	Scandalous John	tt0067712	1971
7726	Inside Daisy Clover	tt0059314	1965
7736	Prime Cut	tt0069121	1972
7746	Into the West	tt0104522	1992
7756	Season of Fear	tt0094643	1989
7766	Cry-Baby	tt0099329	1990
7776	Cujo	tt0085382	1983
7786	The Harvest	tt0107084	1992
7796	My Girl	tt0102492	1991
7806	Color of Night	tt0109456	1994
7816	The Craft	tt0115963	1996
7826	Darby O'Gill and the Little People	tt0052722	1959
7836	The Iron Giant	tt0129167	1999
7846	Convoy	tt0077369	1978
7856	PCU	tt0110759	1994
7866	The People vs. Larry Flynt	tt0117318	1996
7177	Sleeper	tt0070707	1973
7187	Northern Lights	tt0078008	1978
7197	Countdown	tt0062827	1967
7207	Land of No Return	tt0073261	1978
7217	Been Down So Long It Looks Like Up to Me	tt0066818	1971
7227	The Hand	tt0082497	1981
7237	The Savage Eye	tt0054270	1960
7247	Best Revenge	tt0083643	1984
7257	The Gypsy Warriors	tt0077646	1978
7267	Bitter Moon	tt0104779	1992
7277	Race with the Devil	tt0073600	1975
7287	A Time for Dying	tt0058660	1969
7297	Colossus: The Forbin Project	tt0064177	1970
7307	The Big Operator	tt0052629	1959
7317	Number One	tt0064743	1969
7327	Love at First Bite	tt0079489	1979
7337	Sing Boy Sing	tt0052198	1958
7347	Everybody Go Home!	tt0054413	1960
7357	Harper Valley P.T.A.	tt0077660	1978
7367	Cockeyed Cowboys of Calico County	tt0065560	1970
7377	Jubal	tt0048233	1956
7387	48 Hrs.	tt0083511	1982
7397	The Exterminating Angel	tt0056732	1962
7407	The Racing Strain	tt0023366	1932
7417	On Your Toes	tt0031756	1939
7427	Generation	tt0064365	1969
7437	The Glory Brigade	tt0045827	1953
7447	The Rose Bowl Story	tt0045104	1952
7457	First Love	tt0076033	1977
7467	All I Want for Christmas	tt0101301	1991
7477	The Pros & Cons of Breathing	tt0110903	1993
7487	The Boys Next Door	tt0090770	1985
7497	Sidecar Racers	tt0073709	1975
7507	Gate 2: The Trespassers	tt0099636	1990
7517	Jersey Girl	tt0104550	1992
7527	James Dean: Race with Destiny	tt0126973	1997
7537	Vulgar	tt0120467	2000
7547	The Hard Way	tt0102004	1991
7557	Road to Perdition	tt0257044	2002
7567	Closing Escrow	tt0473015	2007
7577	Grandview, U.S.A.	tt0087359	1984
7587	Wanted: Dead or Alive	tt0094293	1987
7597	The House	tt0066042	1970
7607	Chinese Chocolate	tt0115887	1995
7617	The Ice Pirates	tt0087451	1984
7627	The Girl with a Pistol	tt0063485	1968
7637	The Man from S.E.X.	tt0079632	1979
7647	Homesdale	tt0067211	1971
7657	1MC: Something of Vengeance	tt1745649	2010
7667	Thirst	tt0080016	1979
7677	Mini-fousta kai karate	tt0136406	1967
7687	Te lo leggo negli occhi	tt0059784	1965
7697	A City's Child	tt0068385	1971
7707	Night of the Living Dead	tt0100258	1990
7717	Farewell	tt0062632	1968
7727	Situation Hopeless... But Not Serious	tt0059724	1965
7737	Badlands	tt0069762	1973
7747	Moondance	tt0113850	1994
7757	Girlfriend from Hell	tt0099664	1989
7767	No Secrets	tt0102543	1991
7777	The Bliss of Mrs. Blossom	tt0062739	1968
7787	A Brilliant Disguise	tt0109336	1994
7797	The Taking of Pelham One Two Three	tt0072251	1974
7807	Never Ever	tt0117165	1996
7817	Scream	tt0117571	1996
7827	The Frightened City	tt0054898	1961
7837	Pitch Black	tt0134847	2000
7847	Amanita Pestilens	tt0056824	1963
7857	Spanking the Monkey	tt0111252	1994
7867	Strangeland	tt0124102	1998
7183	Fat City	tt0068575	1972
7193	Extraordinary Visitor	tt0139185	1998
7203	Doomsday Voyage	tt0068497	1972
7213	'Doc'	tt0067003	1971
7223	Critic's Choice	tt0056964	1963
7233	Red Line 7000	tt0059641	1965
7243	The Name of the Game Is Kill!	tt0063335	1968
7253	Platoon	tt0091763	1986
7263	Heroes	tt0076138	1977
7273	Robotech: The Movie	tt0091862	1986
7283	Lydia	tt0033858	1941
7293	At War with the Army	tt0042209	1950
7303	An Enemy of the People	tt0075993	1978
7313	The Heartbreak Kid	tt0068687	1972
7323	Goodbye, Columbus	tt0064381	1969
7333	The Marrying Kind	tt0044888	1952
7343	The Ballad of Josie	tt0061380	1967
7353	Deliverance	tt0068473	1972
7363	A Private's Affair	tt0053192	1959
7373	Rebel	tt0066156	1970
7383	Ode to Billy Joe	tt0074995	1976
7393	Basic Training	tt0088775	1985
7403	Many Wars Ago	tt0066511	1970
7413	Big Shots	tt0092655	1987
7423	Winning	tt0065215	1969
7433	The Stronger Sex	tt0022439	1931
7443	Lifeguard	tt0074798	1976
7453	Vi flyger på Rio	tt0042023	1949
7463	Flex	tt2076202	1988
7473	The Power of One	tt0105159	1992
7483	Arachnophobia	tt0099052	1990
7493	Between Wars	tt0071211	1974
7503	Amok	tt0058903	1963
7513	Marie	tt0089555	1985
7523	Irreconcilable Differences	tt0087482	1984
7533	Strays	tt0149171	1997
7543	He Said, She Said	tt0102011	1991
7553	The Ghost of Greville Lodge	tt0282524	2000
7563	My 5 Wives	tt0216930	2000
7573	After Darkness	tt0088679	1985
7583	About Last Night...	tt0090583	1986
7593	Dances with Wolves	tt0099348	1990
7603	It Lives Again	tt0077756	1978
7613	Lady Sings the Blues	tt0068828	1972
7623	Poltergeist III	tt0095889	1988
7633	The Trespassers	tt0075350	1976
7643	The Firm Man	tt0072988	1975
7653	Red Planet Mars	tt0045073	1952
7663	Tender Hooks	tt0098455	1989
7673	Flashpoint	tt0130699	1972
7683	Ena paidi horis onoma	tt0257597	1964
7693	This Sporting Life	tt0057578	1963
7703	Fatal Temptation	tt0099555	1988
7713	Alarm at the Circus	tt0046691	1954
7723	The Captain from Cologne	tt0049292	1956
7733	The New Centurions	tt0068997	1972
7743	Street Smart	tt0094056	1987
7753	Hardware	tt0099740	1990
7763	Fun	tt0109855	1994
7773	Out	tt0084455	1982
7783	The Games	tt0065757	1970
7793	Lydia Bailey	tt0044861	1952
7803	Night of the Cyclone	tt0100256	1990
7813	Hit It	tt1949550	2013
7823	Ricochet	tt0102789	1991
7833	Ski School	tt0102940	1990
7843	The Deer Hunter	tt0077416	1978
7853	Love Stinks	tt0188863	1999
7863	The Junior Defenders	tt0119231	2007
7184	The Man Who Fell to Earth	tt0074851	1976
7194	Cod on a Stick	tt1450641	1974
7204	Sisters	tt0070698	1972
7214	Halls of Anger	tt0065810	1970
7224	Taking Off	tt0067820	1971
7234	Appointment with a Shadow	tt0051370	1957
7244	The Baby Maker	tt0065441	1970
7254	They Live	tt0096256	1988
7264	Star Wars: Episode IV - A New Hope	tt0076759	1977
7274	Putney Swope	tt0064855	1969
7284	Sex and the College Girl	tt0058579	1964
7294	My Friend Irma Goes West	tt0042769	1950
7304	The Group	tt0060479	1966
7314	11 Harrowhouse	tt0071080	1974
7324	Diary of a Mad Housewife	tt0065636	1970
7334	Pat and Mike	tt0045012	1952
7344	Cool Hand Luke	tt0061512	1967
7354	The Last American Hero	tt0070287	1973
7364	Twelve Hours to Kill	tt0053557	1960
7374	The Lords of Flatbush	tt0071772	1974
7384	Zabriskie Point	tt0066601	1970
7394	Love Story	tt0066011	1970
7404	La grande scrofa nera	tt0178529	1971
7414	The Black Marble	tt0080442	1980
7424	Cactus in the Snow	tt0065514	1971
7434	Bride of Frankenstein	tt0026138	1935
7444	Namu, the Killer Whale	tt0060737	1966
7454	Dangerous Kisses	tt0068572	1972
7464	The Man in the Moon	tt0102388	1991
7474	Backbeat	tt0106339	1994
7484	Side Out	tt0100613	1990
7494	The Devil's Playground	tt0074404	1976
7504	N.P.	tt0067470	1971
7514	Clean and Sober	tt0094884	1988
7524	Little Vegas	tt0100036	1990
7534	Downtown: A Street Tale	tt0309531	2004
7544	One Good Cop	tt0102593	1991
7554	The Actor's Apprenticeship	tt6246928	2017
7564	Going Overboard	tt0096870	1989
7574	True Stories	tt0092117	1986
7584	Salvador	tt0091886	1986
7594	Grease 2	tt0084021	1982
7604	Dragonfly	tt0075014	1976
7614	Hit!	tt0070183	1973
7624	Patterns	tt0049601	1956
7634	Seven Little Australians	tt0032713	1939
7644	Storm Boy	tt0076767	1976
7654	Afraid to Dance	tt0094619	1989
7664	Into the Straight	tt0041512	1949
7674	To thavma tis Megaloharis	tt0258248	1965
7684	La honradez de la cerradura	tt0042574	1950
7694	A Flea in Her Ear	tt0062978	1968
7704	Growing Pains	tt0087366	1984
7714	Eine Berliner Romanze	tt0048997	1956
7724	Preludio 11	tt0058490	1964
7734	Walker	tt0096409	1987
7744	A Killing Affair	tt0095445	1986
7754	Angie	tt0109129	1994
7764	Urban Legend	tt0146336	1998
7774	Cross Creek	tt0085380	1983
7784	A Small Circle of Friends	tt0081528	1980
7794	Uncle Buck	tt0098554	1989
7804	The Air Up There	tt0109067	1994
7814	Burden of Freedom	tt3134124	\N
7824	Trespass	tt0105636	1992
7834	The Rest of My Life	tt0217001	1997
7844	Carnival of Blood	tt0066893	1970
7854	Trancers II	tt0103116	1991
7864	Tell 'Em Steve Dave Clay Animation Movie	tt6422706	2017
7189	Violent Playground	tt0052367	1958
7199	Death Valley	tt0083805	1982
7209	All That Jazz	tt0078754	1979
7219	Just a Gigolo	tt0079867	1978
7229	Deranged: Confessions of a Necrophile	tt0071408	1974
7239	The Couch	tt0055870	1962
7249	Garbo Talks	tt0087313	1984
7259	The Incredible Mr. Limpet	tt0058230	1964
7269	SubUrbia	tt0120238	1996
7279	Bright Victory	tt0043361	1951
7289	Phantom of the Paradise	tt0071994	1974
7299	Act One	tt0056810	1963
7309	Walk Like a Dragon	tt0054457	1960
7319	The French Connection	tt0067116	1971
7329	Coneheads	tt0106598	1993
7339	The Violent Ones	tt0062448	1967
7349	P.J.	tt0063402	1968
7359	F.I.S.T.	tt0077531	1978
7369	Day for Night	tt0070460	1973
7379	T.R. Baskin	tt0067817	1971
7389	The Killers	tt0058262	1964
7399	Dune	tt0087182	1984
7409	Back Roads	tt0082042	1981
7419	Brother Rat and a Baby	tt0032286	1940
7429	Norwood	tt0066162	1970
7439	The Black Whip	tt0049015	1956
7449	Rötmånad	tt0066320	1970
7459	Yanks	tt0080157	1979
7469	Petersen	tt0071991	1974
7479	Whispers in the Dark	tt0105811	1992
7489	Playroom	tt0100373	1989
7499	Starstruck	tt0084728	1982
7509	...und deine Liebe auch	tt0055716	1962
7519	Bottle Rocket	tt0115734	1996
7529	Wild Things	tt0120890	1998
7539	Paper Lion	tt0063410	1968
7549	A Doll's House	tt0069988	1973
7559	WarGames	tt0086567	1983
7569	The Purple Rose of Cairo	tt0089853	1985
7579	T-Rex: Back to the Cretaceous	tt0163862	1998
7589	The Big Picture	tt0096926	1989
7599	It Takes Two	tt0095384	1988
7609	Trained to Kill	tt0129438	1989
7619	Smoky	tt0060994	1966
7629	Von Richthofen and Brown	tt0067658	1971
7639	Dimboola	tt0079053	1979
7649	Unfinished Business	tt0090236	1985
7659	In Search of Anna	tt0079334	1978
7669	Street Hero	tt0088192	1984
7679	O poulimenos anthropos	tt0136473	1967
7689	Theodora, Slave Empress	tt0047567	1954
7699	Wuthering Heights	tt0066585	1970
7709	Excessive Force	tt0104215	1993
7719	Reportage 57	tt0053215	1959
7729	Across 110th Street	tt0068168	1972
7739	Night Shift	tt0084412	1982
7749	Year of the Comet	tt0105871	1992
7759	Sleepwalkers	tt0105428	1992
7769	Drive	tt0116147	1997
7779	In the Devil's Garden	tt0067243	1971
7789	Flashdance	tt0085549	1983
7799	Thieves	tt0076815	1977
7809	Five Guns West	tt0048078	1955
7819	Masters of the Universe	tt0093507	1987
7829	The Dressmaker	tt0095066	1988
7839	The Fighting Temptations	tt0191133	2003
7849	La terre à boire	tt0058644	1964
7859	The Doom Generation	tt0112887	1995
7869	The Watermelon Woman	tt0118125	1996
7192	Paint Cans	tt0110765	1994
7202	Rain Without Thunder	tt0105215	1992
7212	The Traveling Executioner	tt0066485	1970
7222	Hero's Island	tt0056065	1962
7232	The Glory Guys	tt0059232	1965
7242	Midnight Cowboy	tt0064665	1969
7252	The Computer Wore Tennis Shoes	tt0065566	1969
7262	Jaws 3-D	tt0085750	1983
7272	Barefoot Gen	tt0085218	1983
7282	Citizen Kane	tt0033467	1941
7292	Black Christmas	tt0071222	1974
7302	The Hospital	tt0067217	1971
7312	Incubus	tt0059311	1966
7322	Micki + Maude	tt0087718	1984
7332	The Story of the Tango	tt0041468	1949
7342	The Silent Witness	tt0056490	1962
7352	The Main Attraction	tt0056212	1962
7362	Charge of the Model T's	tt0078953	1977
7372	Italian Stallion	tt0065904	1970
7382	Jeremy	tt0070238	1973
7392	Cutter's Way	tt0082220	1981
7402	Legacy	tt0073272	1975
7412	Christine	tt0085333	1983
7422	Used Cars	tt0081698	1980
7432	The Naked Kiss	tt0058390	1964
7442	Frogs	tt0068615	1972
7452	Son of the Sea	tt0041449	1949
7462	The Lost Empire	tt0089503	1984
7472	The Gate	tt0093075	1987
7482	Blended	tt1086772	2014
7492	Poltergeist	tt0084516	1982
7502	Young Aphrodites	tt0057307	1963
7512	Brubaker	tt0080474	1980
7522	Firestarter	tt0087262	1984
7532	Two-Eleven	tt0114758	1999
7542	29th Street	tt0101252	1991
7552	Brothel	tt0319115	2008
7562	Superstar	tt0167427	1999
7572	Oxford Blues	tt0087866	1984
7582	Thief	tt0083190	1981
7592	Tiger Warsaw	tt0096267	1988
7602	It's Alive	tt0071675	1974
7612	You've Got to Walk It Like You Talk It or You'll Lose That Beat	tt0068006	1971
7622	Poltergeist II: The Other Side	tt0091778	1986
7632	The Great MacArthy	tt0073074	1975
7642	Alvin Rides Again, and Again! And Again! And Again!	tt0071127	1974
7652	Fort Defiance	tt0043554	1951
7662	Wrong World	tt0092241	1985
7672	Departure	tt0123795	1986
7682	Koinonia, ora miden	tt0145032	1966
7692	Saturday Night and Sunday Morning	tt0054269	1960
7702	P2	tt0804516	2007
7712	Geheimakten Solvay	tt0045806	1953
7722	The Axe of Wandsbek	tt0043328	1951
7732	The Great White Hope	tt0065797	1970
7742	Dangerous Curves	tt0094946	1988
7752	Twister	tt0096321	1989
7762	Behind Enemy Lines	tt0159273	2001
7772	Misunderstood	tt0087730	1984
7782	The Big Bounce	tt0064087	1969
7792	Dreamboat	tt0044566	1952
7802	Carrington	tt0112637	1995
7812	Varsity Blues	tt0139699	1999
7822	New Jack City	tt0102526	1991
7832	Rockula	tt0100506	1990
7842	The Sister in Law	tt0072172	1974
7852	Clockstoppers	tt0157472	2002
7862	Clerks	tt0109445	1994
